{
  "Workflows": [
    {
      "Path": null,
      "SortBy": 0,
      "VariablesSectionElementsOrder": [],
      "ArgumentsSectionElementsOrder": null,
      "ConstantsSectionElementsOrder": [],
      "AddedNamespaces": null
    },
    {
      "Path": "Main.xaml",
      "SortBy": 0,
      "VariablesSectionElementsOrder": [
        "ReferenceDT&Sequence_1",
        "PID&Sequence_1",
        "VID&Sequence_1",
        "ScreenshotFolder&Sequence_10",
        "ComputerName&Sequence_1",
        "ScreenshotFilePath&Sequence_1",
        "OutputExcelFilePath&Sequence_1",
        "FilteredDT&Sequence_1",
        "EventsDT&Sequence_1",
        "RenderedDescription&Sequence_1",
        "FilePath&Sequence_1"
      ],
      "ArgumentsSectionElementsOrder": [],
      "ConstantsSectionElementsOrder": [],
      "AddedNamespaces": null
    },
    {
      "Path": "debug.xaml",
      "SortBy": 0,
      "VariablesSectionElementsOrder": [],
      "ArgumentsSectionElementsOrder": [],
      "ConstantsSectionElementsOrder": [],
      "AddedNamespaces": null
    }
  ]
}